{
    "position": [
        0.32511876709066195,
        2.9957802654512298,
        -3.225355003982969
    ],
    "rotation": [
        [
            0.9999338259558068,
            -0.010638588983250229,
            -0.004377685898681347
        ],
        [
            0.008907733496057774,
            0.9568136992250933,
            -0.2905653063584087
        ],
        [
            0.00727983470590212,
            0.2905070832176698,
            0.9568451487085131
        ]
    ],
    "fy": 3852.356179237937,
    "fx": 3844.898776958602,
    "intr_width": 5187,
    "intr_height": 3361,
    "target_width": 1297,
    "target_height": 840
}